Pergunta,Resposta
Qual é a melhor maneira de chegar ao Porto do Itaqui vindo do centro da cidade?,Confira aqui o mapa de localização e seja bem-vindo! http://www.portodoitaqui.ma.gov.br/porto-do-itaqui/como-chegar 
Quais são as opções de transporte público que levam ao Porto do Itaqui?,Confira aqui o mapa de localização e seja bem-vindo! http://www.portodoitaqui.ma.gov.br/porto-do-itaqui/como-chegar 
Existe um estacionamento acessível aos passageiros que desejam deixar seus veículos no Porto do Itaqui?,Confira aqui o mapa de localização e seja bem-vindo! http://www.portodoitaqui.ma.gov.br/porto-do-itaqui/como-chegar 
Como chegar ao Porto do Itaqui a partir do aeroporto mais próximo?,Confira aqui o mapa de localização e seja bem-vindo! http://www.portodoitaqui.ma.gov.br/porto-do-itaqui/como-chegar 
Quais rodovias principais levam ao Porto do Itaqui?,Confira aqui o mapa de localização e seja bem-vindo! http://www.portodoitaqui.ma.gov.br/porto-do-itaqui/como-chegar 
O porto oferece um serviço de transporte para passageiros que chegam de outras cidades?,Confira aqui o mapa de localização e seja bem-vindo! http://www.portodoitaqui.ma.gov.br/porto-do-itaqui/como-chegar 
Existem serviços de táxi ou transporte por aplicativo disponíveis para levar os passageiros ao Porto do Itaqui?,Confira aqui o mapa de localização e seja bem-vindo! http://www.portodoitaqui.ma.gov.br/porto-do-itaqui/como-chegar 
Há informações disponíveis sobre as opções de transporte e itinerários para o Porto do Itaqui em um site ou aplicativo específico?,Confira aqui o mapa de localização e seja bem-vindo! http://www.portodoitaqui.ma.gov.br/porto-do-itaqui/como-chegar 
Quais são as opções de transporte para os passageiros que desejam levar seus veículos para o Porto do Itaqui?,Confira aqui o mapa de localização e seja bem-vindo! http://www.portodoitaqui.ma.gov.br/porto-do-itaqui/como-chegar 
O Porto do Itaqui oferece algum serviço de shuttle para passageiros que chegam de hotéis próximos?,Confira aqui o mapa de localização e seja bem-vindo! http://www.portodoitaqui.ma.gov.br/porto-do-itaqui/como-chegar 
Quais são as opções disponíveis para fazer um tour ou visitar o Porto do Itaqui?,Saiba aqui como fazer para agendar uma visita ao porto público do Maranhão:
Existe um centro de visitantes ou um ponto de informações para turistas no Porto do Itaqui?,Saiba aqui como fazer para agendar uma visita ao porto público do Maranhão:
Quais são os horários de funcionamento para visitar o Porto do Itaqui?,Saiba aqui como fazer para agendar uma visita ao porto público do Maranhão:
Há passeios guiados disponíveis para conhecer as instalações do Porto do Itaqui?,Saiba aqui como fazer para agendar uma visita ao porto público do Maranhão:
Quais são as atrações ou pontos de interesse que os visitantes podem explorar no Porto do Itaqui?,Saiba aqui como fazer para agendar uma visita ao porto público do Maranhão:
É necessário agendar previamente a visita ao Porto do Itaqui?,Saiba aqui como fazer para agendar uma visita ao porto público do Maranhão:
Qual é o custo associado a uma visita ao Porto do Itaqui?,Saiba aqui como fazer para agendar uma visita ao porto público do Maranhão:
O Porto do Itaqui oferece programas educacionais ou visitas escolares?,Saiba aqui como fazer para agendar uma visita ao porto público do Maranhão:
Quais medidas de segurança os visitantes devem seguir ao explorar o Porto do Itaqui?,Saiba aqui como fazer para agendar uma visita ao porto público do Maranhão:
Como posso obter informações atualizadas sobre as opções de visitas ao Porto do Itaqui?,Saiba aqui como fazer para agendar uma visita ao porto público do Maranhão:
Quais são as opções disponíveis para estudantes interessados em estágios ou programas de aprendizado no Porto do Itaqui?,"A EMAP – Empresa Maranhense de Administração Portuária é a gestora do porto público do Maranhão. Para fazer o seu estágio na EMAP você deve estar cadastrado na instituição contratada pela empresa como agente de integração. Atualmente é o IEL - Instituto Euvaldo Lodi, site: http://sne.iel.org.br/ma."
Como posso me candidatar a um programa de estágio ou aprendizado no Porto do Itaqui?,"A EMAP – Empresa Maranhense de Administração Portuária é a gestora do porto público do Maranhão. Para fazer o seu estágio na EMAP você deve estar cadastrado na instituição contratada pela empresa como agente de integração. Atualmente é o IEL - Instituto Euvaldo Lodi, site: http://sne.iel.org.br/ma."
Quais são os requisitos de elegibilidade para estudantes que desejam participar de programas no Porto do Itaqui?,"A EMAP – Empresa Maranhense de Administração Portuária é a gestora do porto público do Maranhão. Para fazer o seu estágio na EMAP você deve estar cadastrado na instituição contratada pela empresa como agente de integração. Atualmente é o IEL - Instituto Euvaldo Lodi, site: http://sne.iel.org.br/ma."
Existem oportunidades de estágio remunerado disponíveis no Porto do Itaqui?,"A EMAP – Empresa Maranhense de Administração Portuária é a gestora do porto público do Maranhão. Para fazer o seu estágio na EMAP você deve estar cadastrado na instituição contratada pela empresa como agente de integração. Atualmente é o IEL - Instituto Euvaldo Lodi, site: http://sne.iel.org.br/ma."
O Porto do Itaqui oferece programas de mentoria ou desenvolvimento de carreira para estudantes?,"A EMAP – Empresa Maranhense de Administração Portuária é a gestora do porto público do Maranhão. Para fazer o seu estágio na EMAP você deve estar cadastrado na instituição contratada pela empresa como agente de integração. Atualmente é o IEL - Instituto Euvaldo Lodi, site: http://sne.iel.org.br/ma."
Quais áreas ou departamentos do Porto do Itaqui geralmente oferecem oportunidades para estudantes?,"A EMAP – Empresa Maranhense de Administração Portuária é a gestora do porto público do Maranhão. Para fazer o seu estágio na EMAP você deve estar cadastrado na instituição contratada pela empresa como agente de integração. Atualmente é o IEL - Instituto Euvaldo Lodi, site: http://sne.iel.org.br/ma."
Como é o processo de seleção e entrevista para estudantes que desejam participar de programas no Porto do Itaqui?,"A EMAP – Empresa Maranhense de Administração Portuária é a gestora do porto público do Maranhão. Para fazer o seu estágio na EMAP você deve estar cadastrado na instituição contratada pela empresa como agente de integração. Atualmente é o IEL - Instituto Euvaldo Lodi, site: http://sne.iel.org.br/ma."
Quais são os benefícios para os estudantes que participam de programas no Porto do Itaqui?,"A EMAP – Empresa Maranhense de Administração Portuária é a gestora do porto público do Maranhão. Para fazer o seu estágio na EMAP você deve estar cadastrado na instituição contratada pela empresa como agente de integração. Atualmente é o IEL - Instituto Euvaldo Lodi, site: http://sne.iel.org.br/ma."
Quais são os prazos típicos para se candidatar a programas de estágio ou aprendizado no Porto do Itaqui?,"A EMAP – Empresa Maranhense de Administração Portuária é a gestora do porto público do Maranhão. Para fazer o seu estágio na EMAP você deve estar cadastrado na instituição contratada pela empresa como agente de integração. Atualmente é o IEL - Instituto Euvaldo Lodi, site: http://sne.iel.org.br/ma."
Onde posso encontrar informações atualizadas sobre oportunidades para estudantes no Porto do Itaqui?,"A EMAP – Empresa Maranhense de Administração Portuária é a gestora do porto público do Maranhão. Para fazer o seu estágio na EMAP você deve estar cadastrado na instituição contratada pela empresa como agente de integração. Atualmente é o IEL - Instituto Euvaldo Lodi, site: http://sne.iel.org.br/ma."
Quais são as etapas para se candidatar a empregos no Porto do Itaqui?,"Na EMAP, empresa pública que administra o Porto do Itaqui, as contratações são feitas por meio de concurso público. Existem várias outras empresas privadas que atuam no porto organizado (saiba quais órgãos e empresas atuam dentro da área do Porto do Itaqui em: http://www.portodoitaqui.ma.gov.br/porto-do-itaqui/comunidade-portuaria ). Sobre o nosso último concurso público, você pode conferir por aqui: http://www.portodoitaqui.ma.gov.br/emap/recursos-humanos/concurso-publico."
Existe um portal de recrutamento ou um site específico onde as vagas de emprego no Porto do Itaqui são anunciadas?,"Na EMAP, empresa pública que administra o Porto do Itaqui, as contratações são feitas por meio de concurso público. Existem várias outras empresas privadas que atuam no porto organizado (saiba quais órgãos e empresas atuam dentro da área do Porto do Itaqui em: http://www.portodoitaqui.ma.gov.br/porto-do-itaqui/comunidade-portuaria ). Sobre o nosso último concurso público, você pode conferir por aqui: http://www.portodoitaqui.ma.gov.br/emap/recursos-humanos/concurso-publico."
Quais são os requisitos e qualificações necessárias para se candidatar a empregos no Porto do Itaqui?,"Na EMAP, empresa pública que administra o Porto do Itaqui, as contratações são feitas por meio de concurso público. Existem várias outras empresas privadas que atuam no porto organizado (saiba quais órgãos e empresas atuam dentro da área do Porto do Itaqui em: http://www.portodoitaqui.ma.gov.br/porto-do-itaqui/comunidade-portuaria ). Sobre o nosso último concurso público, você pode conferir por aqui: http://www.portodoitaqui.ma.gov.br/emap/recursos-humanos/concurso-publico."
Há alguma informação sobre os benefícios e vantagens de trabalhar no Porto do Itaqui?,"Na EMAP, empresa pública que administra o Porto do Itaqui, as contratações são feitas por meio de concurso público. Existem várias outras empresas privadas que atuam no porto organizado (saiba quais órgãos e empresas atuam dentro da área do Porto do Itaqui em: http://www.portodoitaqui.ma.gov.br/porto-do-itaqui/comunidade-portuaria ). Sobre o nosso último concurso público, você pode conferir por aqui: http://www.portodoitaqui.ma.gov.br/emap/recursos-humanos/concurso-publico."
Como é o processo de seleção e entrevista para empregos no Porto do Itaqui?,"Na EMAP, empresa pública que administra o Porto do Itaqui, as contratações são feitas por meio de concurso público. Existem várias outras empresas privadas que atuam no porto organizado (saiba quais órgãos e empresas atuam dentro da área do Porto do Itaqui em: http://www.portodoitaqui.ma.gov.br/porto-do-itaqui/comunidade-portuaria ). Sobre o nosso último concurso público, você pode conferir por aqui: http://www.portodoitaqui.ma.gov.br/emap/recursos-humanos/concurso-publico."
Existem oportunidades de emprego específicas para pessoas com formação em determinadas áreas?,"Na EMAP, empresa pública que administra o Porto do Itaqui, as contratações são feitas por meio de concurso público. Existem várias outras empresas privadas que atuam no porto organizado (saiba quais órgãos e empresas atuam dentro da área do Porto do Itaqui em: http://www.portodoitaqui.ma.gov.br/porto-do-itaqui/comunidade-portuaria ). Sobre o nosso último concurso público, você pode conferir por aqui: http://www.portodoitaqui.ma.gov.br/emap/recursos-humanos/concurso-publico."
O Porto do Itaqui oferece programas de treinamento ou desenvolvimento profissional para seus funcionários?,"Na EMAP, empresa pública que administra o Porto do Itaqui, as contratações são feitas por meio de concurso público. Existem várias outras empresas privadas que atuam no porto organizado (saiba quais órgãos e empresas atuam dentro da área do Porto do Itaqui em: http://www.portodoitaqui.ma.gov.br/porto-do-itaqui/comunidade-portuaria ). Sobre o nosso último concurso público, você pode conferir por aqui: http://www.portodoitaqui.ma.gov.br/emap/recursos-humanos/concurso-publico."
Quais são as políticas de igualdade de oportunidades de emprego no Porto do Itaqui?,"Na EMAP, empresa pública que administra o Porto do Itaqui, as contratações são feitas por meio de concurso público. Existem várias outras empresas privadas que atuam no porto organizado (saiba quais órgãos e empresas atuam dentro da área do Porto do Itaqui em: http://www.portodoitaqui.ma.gov.br/porto-do-itaqui/comunidade-portuaria ). Sobre o nosso último concurso público, você pode conferir por aqui: http://www.portodoitaqui.ma.gov.br/emap/recursos-humanos/concurso-publico."
O Porto do Itaqui oferece empregos temporários ou sazonais em determinados momentos do ano?,"Na EMAP, empresa pública que administra o Porto do Itaqui, as contratações são feitas por meio de concurso público. Existem várias outras empresas privadas que atuam no porto organizado (saiba quais órgãos e empresas atuam dentro da área do Porto do Itaqui em: http://www.portodoitaqui.ma.gov.br/porto-do-itaqui/comunidade-portuaria ). Sobre o nosso último concurso público, você pode conferir por aqui: http://www.portodoitaqui.ma.gov.br/emap/recursos-humanos/concurso-publico."
Onde posso encontrar informações atualizadas sobre vagas de emprego no Porto do Itaqui?,"Na EMAP, empresa pública que administra o Porto do Itaqui, as contratações são feitas por meio de concurso público. Existem várias outras empresas privadas que atuam no porto organizado (saiba quais órgãos e empresas atuam dentro da área do Porto do Itaqui em: http://www.portodoitaqui.ma.gov.br/porto-do-itaqui/comunidade-portuaria ). Sobre o nosso último concurso público, você pode conferir por aqui: http://www.portodoitaqui.ma.gov.br/emap/recursos-humanos/concurso-publico."
Como posso solicitar uma entrevista com representantes do Porto do Itaqui para minha reportagem?,Envie sua solicitação para a área de Comunicação pelo e-mail: comunicacao@emap.ma.gov.br. Acompanhe as informações sobre o que é notícia no Porto do Itaqui pelo link: http://www.portodoitaqui.ma.gov.br/imprensa/noticias.
Existe um departamento de relações públicas ou comunicações que pode ajudar a facilitar entrevistas e fornecer informações?,Envie sua solicitação para a área de Comunicação pelo e-mail: comunicacao@emap.ma.gov.br. Acompanhe as informações sobre o que é notícia no Porto do Itaqui pelo link: http://www.portodoitaqui.ma.gov.br/imprensa/noticias.
Quem são os principais porta-vozes ou contatos de imprensa do Porto do Itaqui?,Envie sua solicitação para a área de Comunicação pelo e-mail: comunicacao@emap.ma.gov.br. Acompanhe as informações sobre o que é notícia no Porto do Itaqui pelo link: http://www.portodoitaqui.ma.gov.br/imprensa/noticias.
Quais são os procedimentos para obter informações e dados relevantes para minha reportagem?,Envie sua solicitação para a área de Comunicação pelo e-mail: comunicacao@emap.ma.gov.br. Acompanhe as informações sobre o que é notícia no Porto do Itaqui pelo link: http://www.portodoitaqui.ma.gov.br/imprensa/noticias.
O Porto do Itaqui oferece tours ou visitas para jornalistas que desejam conhecer as instalações e coletar informações para suas reportagens?,Envie sua solicitação para a área de Comunicação pelo e-mail: comunicacao@emap.ma.gov.br. Acompanhe as informações sobre o que é notícia no Porto do Itaqui pelo link: http://www.portodoitaqui.ma.gov.br/imprensa/noticias.
Quais são as políticas de divulgação de informações e quais tipos de dados estão disponíveis para jornalistas?,Envie sua solicitação para a área de Comunicação pelo e-mail: comunicacao@emap.ma.gov.br. Acompanhe as informações sobre o que é notícia no Porto do Itaqui pelo link: http://www.portodoitaqui.ma.gov.br/imprensa/noticias.
"Existem materiais de mídia, como fotos e vídeos, disponíveis para uso em reportagens sobre o Porto do Itaqui?",Envie sua solicitação para a área de Comunicação pelo e-mail: comunicacao@emap.ma.gov.br. Acompanhe as informações sobre o que é notícia no Porto do Itaqui pelo link: http://www.portodoitaqui.ma.gov.br/imprensa/noticias.
Quais são os tópicos ou áreas de enfoque atuais que podem ser de interesse para jornalistas que cobrem o Porto do Itaqui?,Envie sua solicitação para a área de Comunicação pelo e-mail: comunicacao@emap.ma.gov.br. Acompanhe as informações sobre o que é notícia no Porto do Itaqui pelo link: http://www.portodoitaqui.ma.gov.br/imprensa/noticias.
Como posso entrar em contato com a equipe de comunicação do Porto do Itaqui para fazer perguntas ou solicitar informações adicionais?,Envie sua solicitação para a área de Comunicação pelo e-mail: comunicacao@emap.ma.gov.br. Acompanhe as informações sobre o que é notícia no Porto do Itaqui pelo link: http://www.portodoitaqui.ma.gov.br/imprensa/noticias.
Onde posso encontrar informações atualizadas sobre press releases ou anúncios relacionados ao Porto do Itaqui?,Envie sua solicitação para a área de Comunicação pelo e-mail: comunicacao@emap.ma.gov.br. Acompanhe as informações sobre o que é notícia no Porto do Itaqui pelo link: http://www.portodoitaqui.ma.gov.br/imprensa/noticias.
É permitido fazer imagens ou vídeos das instalações do Porto do Itaqui para fins jornalísticos ou de documentação?,"A produção de imagem ou vídeo do Porto do Itaqui deve ser autorizada e acompanhada pela área de Comunicação. Para o uso de drone, o profissional que irá operar o equipamento deverá apresentar autorização do DCEA/FAB (localizado na área do aeroporto de São Luís), preencher um formulário, emitir Certificado no site da ANAC, apresentar equipamento e operador antes da filmagem à equipe de Segurança Patrimonial. Por razões de segurança, as filmagens não podem ocorrer em ocasião de chuva. Neste caso o agendamento pode sofrer alterações de data. Saiba mais aqui: http://www.portodoitaqui.com/porto-do-itaqui/acesso-ao-porto."
Quais são os procedimentos para obter permissão para fotografar ou filmar no Porto do Itaqui?,"A produção de imagem ou vídeo do Porto do Itaqui deve ser autorizada e acompanhada pela área de Comunicação. Para o uso de drone, o profissional que irá operar o equipamento deverá apresentar autorização do DCEA/FAB (localizado na área do aeroporto de São Luís), preencher um formulário, emitir Certificado no site da ANAC, apresentar equipamento e operador antes da filmagem à equipe de Segurança Patrimonial. Por razões de segurança, as filmagens não podem ocorrer em ocasião de chuva. Neste caso o agendamento pode sofrer alterações de data. Saiba mais aqui: http://www.portodoitaqui.com/porto-do-itaqui/acesso-ao-porto."
Existem áreas específicas designadas para fotografias ou filmagens no Porto do Itaqui?,"A produção de imagem ou vídeo do Porto do Itaqui deve ser autorizada e acompanhada pela área de Comunicação. Para o uso de drone, o profissional que irá operar o equipamento deverá apresentar autorização do DCEA/FAB (localizado na área do aeroporto de São Luís), preencher um formulário, emitir Certificado no site da ANAC, apresentar equipamento e operador antes da filmagem à equipe de Segurança Patrimonial. Por razões de segurança, as filmagens não podem ocorrer em ocasião de chuva. Neste caso o agendamento pode sofrer alterações de data. Saiba mais aqui: http://www.portodoitaqui.com/porto-do-itaqui/acesso-ao-porto."
É necessário solicitar uma autorização com antecedência para fazer imagens ou vídeos no Porto do Itaqui?,"A produção de imagem ou vídeo do Porto do Itaqui deve ser autorizada e acompanhada pela área de Comunicação. Para o uso de drone, o profissional que irá operar o equipamento deverá apresentar autorização do DCEA/FAB (localizado na área do aeroporto de São Luís), preencher um formulário, emitir Certificado no site da ANAC, apresentar equipamento e operador antes da filmagem à equipe de Segurança Patrimonial. Por razões de segurança, as filmagens não podem ocorrer em ocasião de chuva. Neste caso o agendamento pode sofrer alterações de data. Saiba mais aqui: http://www.portodoitaqui.com/porto-do-itaqui/acesso-ao-porto."
Existem restrições de segurança ou áreas restritas onde a fotografia ou filmagem não é permitida?,"A produção de imagem ou vídeo do Porto do Itaqui deve ser autorizada e acompanhada pela área de Comunicação. Para o uso de drone, o profissional que irá operar o equipamento deverá apresentar autorização do DCEA/FAB (localizado na área do aeroporto de São Luís), preencher um formulário, emitir Certificado no site da ANAC, apresentar equipamento e operador antes da filmagem à equipe de Segurança Patrimonial. Por razões de segurança, as filmagens não podem ocorrer em ocasião de chuva. Neste caso o agendamento pode sofrer alterações de data. Saiba mais aqui: http://www.portodoitaqui.com/porto-do-itaqui/acesso-ao-porto."
O Porto do Itaqui cobra alguma taxa para a permissão de fotografia ou filmagem?,"A produção de imagem ou vídeo do Porto do Itaqui deve ser autorizada e acompanhada pela área de Comunicação. Para o uso de drone, o profissional que irá operar o equipamento deverá apresentar autorização do DCEA/FAB (localizado na área do aeroporto de São Luís), preencher um formulário, emitir Certificado no site da ANAC, apresentar equipamento e operador antes da filmagem à equipe de Segurança Patrimonial. Por razões de segurança, as filmagens não podem ocorrer em ocasião de chuva. Neste caso o agendamento pode sofrer alterações de data. Saiba mais aqui: http://www.portodoitaqui.com/porto-do-itaqui/acesso-ao-porto."
Quais são as políticas de uso e divulgação de imagens ou vídeos capturados no Porto do Itaqui?,"A produção de imagem ou vídeo do Porto do Itaqui deve ser autorizada e acompanhada pela área de Comunicação. Para o uso de drone, o profissional que irá operar o equipamento deverá apresentar autorização do DCEA/FAB (localizado na área do aeroporto de São Luís), preencher um formulário, emitir Certificado no site da ANAC, apresentar equipamento e operador antes da filmagem à equipe de Segurança Patrimonial. Por razões de segurança, as filmagens não podem ocorrer em ocasião de chuva. Neste caso o agendamento pode sofrer alterações de data. Saiba mais aqui: http://www.portodoitaqui.com/porto-do-itaqui/acesso-ao-porto."
Existe um contato ou departamento específico para obter informações sobre permissões de fotografia ou filmagem?,"A produção de imagem ou vídeo do Porto do Itaqui deve ser autorizada e acompanhada pela área de Comunicação. Para o uso de drone, o profissional que irá operar o equipamento deverá apresentar autorização do DCEA/FAB (localizado na área do aeroporto de São Luís), preencher um formulário, emitir Certificado no site da ANAC, apresentar equipamento e operador antes da filmagem à equipe de Segurança Patrimonial. Por razões de segurança, as filmagens não podem ocorrer em ocasião de chuva. Neste caso o agendamento pode sofrer alterações de data. Saiba mais aqui: http://www.portodoitaqui.com/porto-do-itaqui/acesso-ao-porto."
Quais são as diretrizes ou regulamentos a serem seguidos ao fotografar ou filmar no Porto do Itaqui?,"A produção de imagem ou vídeo do Porto do Itaqui deve ser autorizada e acompanhada pela área de Comunicação. Para o uso de drone, o profissional que irá operar o equipamento deverá apresentar autorização do DCEA/FAB (localizado na área do aeroporto de São Luís), preencher um formulário, emitir Certificado no site da ANAC, apresentar equipamento e operador antes da filmagem à equipe de Segurança Patrimonial. Por razões de segurança, as filmagens não podem ocorrer em ocasião de chuva. Neste caso o agendamento pode sofrer alterações de data. Saiba mais aqui: http://www.portodoitaqui.com/porto-do-itaqui/acesso-ao-porto."
Onde posso encontrar informações detalhadas sobre as políticas e procedimentos para imagens ou vídeos no Porto do Itaqui?,"A produção de imagem ou vídeo do Porto do Itaqui deve ser autorizada e acompanhada pela área de Comunicação. Para o uso de drone, o profissional que irá operar o equipamento deverá apresentar autorização do DCEA/FAB (localizado na área do aeroporto de São Luís), preencher um formulário, emitir Certificado no site da ANAC, apresentar equipamento e operador antes da filmagem à equipe de Segurança Patrimonial. Por razões de segurança, as filmagens não podem ocorrer em ocasião de chuva. Neste caso o agendamento pode sofrer alterações de data. Saiba mais aqui: http://www.portodoitaqui.com/porto-do-itaqui/acesso-ao-porto."
Quais são os requisitos e qualificações necessárias para se tornar um operador portuário no Porto do Itaqui?,Informe-se em: www.portodoitaqui.com/emap/comite-de-pre-qualificacao-do-operador-portuario. A solicitação deve ser encaminhada ao Comitê de Pré-Qualificação do operador Portuário pelo e-mail: comite.qualificacao@emap.ma.gov.br
Existe um processo de licenciamento ou certificação para operadores portuários que desejam trabalhar no Porto do Itaqui?,Informe-se em: www.portodoitaqui.com/emap/comite-de-pre-qualificacao-do-operador-portuario. A solicitação deve ser encaminhada ao Comitê de Pré-Qualificação do operador Portuário pelo e-mail: comite.qualificacao@emap.ma.gov.br
O Porto do Itaqui oferece treinamento ou programas de capacitação para operadores portuários?,Informe-se em: www.portodoitaqui.com/emap/comite-de-pre-qualificacao-do-operador-portuario. A solicitação deve ser encaminhada ao Comitê de Pré-Qualificação do operador Portuário pelo e-mail: comite.qualificacao@emap.ma.gov.br
Como posso obter informações sobre oportunidades de trabalho para operadores portuários no Porto do Itaqui?,Informe-se em: www.portodoitaqui.com/emap/comite-de-pre-qualificacao-do-operador-portuario. A solicitação deve ser encaminhada ao Comitê de Pré-Qualificação do operador Portuário pelo e-mail: comite.qualificacao@emap.ma.gov.br
Quais são os procedimentos para solicitar uma licença ou autorização para operar no Porto do Itaqui?,Informe-se em: www.portodoitaqui.com/emap/comite-de-pre-qualificacao-do-operador-portuario. A solicitação deve ser encaminhada ao Comitê de Pré-Qualificação do operador Portuário pelo e-mail: comite.qualificacao@emap.ma.gov.br
Existem áreas ou terminais específicos no Porto do Itaqui onde os operadores portuários podem trabalhar?,Informe-se em: www.portodoitaqui.com/emap/comite-de-pre-qualificacao-do-operador-portuario. A solicitação deve ser encaminhada ao Comitê de Pré-Qualificação do operador Portuário pelo e-mail: comite.qualificacao@emap.ma.gov.br
Quais são as diretrizes de segurança que os operadores portuários devem seguir ao trabalhar no Porto do Itaqui?,Informe-se em: www.portodoitaqui.com/emap/comite-de-pre-qualificacao-do-operador-portuario. A solicitação deve ser encaminhada ao Comitê de Pré-Qualificação do operador Portuário pelo e-mail: comite.qualificacao@emap.ma.gov.br
Quais são as políticas ambientais e regulamentações relacionadas à operação portuária no Porto do Itaqui?,Informe-se em: www.portodoitaqui.com/emap/comite-de-pre-qualificacao-do-operador-portuario. A solicitação deve ser encaminhada ao Comitê de Pré-Qualificação do operador Portuário pelo e-mail: comite.qualificacao@emap.ma.gov.br
O Porto do Itaqui oferece suporte ou assistência aos operadores portuários para resolver questões ou preocupações relacionadas ao trabalho?,Informe-se em: www.portodoitaqui.com/emap/comite-de-pre-qualificacao-do-operador-portuario. A solicitação deve ser encaminhada ao Comitê de Pré-Qualificação do operador Portuário pelo e-mail: comite.qualificacao@emap.ma.gov.br
Onde posso encontrar informações atualizadas sobre oportunidades de emprego e qualificação para operadores portuários no Porto do Itaqui?,Informe-se em: www.portodoitaqui.com/emap/comite-de-pre-qualificacao-do-operador-portuario. A solicitação deve ser encaminhada ao Comitê de Pré-Qualificação do operador Portuário pelo e-mail: comite.qualificacao@emap.ma.gov.br
Onde posso encontrar informações detalhadas sobre as tarifas portuárias no Porto do Itaqui?,As informações sobre tarifas portuárias estão disponíveis em www.portodoitaqui.com/porto-do-itaqui/tarifas-portuarias.
Existe um departamento ou setor específico que lida com as tarifas portuárias no Porto do Itaqui?,As informações sobre tarifas portuárias estão disponíveis em www.portodoitaqui.com/porto-do-itaqui/tarifas-portuarias.
Quais são as tarifas atualmente em vigor para diferentes tipos de cargas no Porto do Itaqui?,As informações sobre tarifas portuárias estão disponíveis em www.portodoitaqui.com/porto-do-itaqui/tarifas-portuarias.
As tarifas portuárias variam de acordo com o tamanho ou tipo de embarcação?,As informações sobre tarifas portuárias estão disponíveis em www.portodoitaqui.com/porto-do-itaqui/tarifas-portuarias.
Quais são as políticas de pagamento das tarifas portuárias no Porto do Itaqui?,As informações sobre tarifas portuárias estão disponíveis em www.portodoitaqui.com/porto-do-itaqui/tarifas-portuarias.
Existem descontos ou incentivos disponíveis para determinados tipos de cargas ou operadores no Porto do Itaqui?,As informações sobre tarifas portuárias estão disponíveis em www.portodoitaqui.com/porto-do-itaqui/tarifas-portuarias.
Como posso solicitar uma cotação ou estimativa das tarifas para uma determinada operação portuária?,As informações sobre tarifas portuárias estão disponíveis em www.portodoitaqui.com/porto-do-itaqui/tarifas-portuarias.
Quais são os métodos de pagamento aceitos para as tarifas portuárias?,As informações sobre tarifas portuárias estão disponíveis em www.portodoitaqui.com/porto-do-itaqui/tarifas-portuarias.
Quais informações específicas são necessárias ao solicitar informações sobre tarifas no Porto do Itaqui?,As informações sobre tarifas portuárias estão disponíveis em www.portodoitaqui.com/porto-do-itaqui/tarifas-portuarias.
Onde posso encontrar as tarifas atualizadas e as informações de contato para consultas sobre tarifas portuárias no Porto do Itaqui?,As informações sobre tarifas portuárias estão disponíveis em www.portodoitaqui.com/porto-do-itaqui/tarifas-portuarias.
Onde posso encontrar informações atualizadas sobre a movimentação de cargas no Porto do Itaqui?,Acompanhe a movimentação de cargas do Porto do Itaqui em: www.portodoitaqui.com/porto-do-itaqui/operacoes-portuarias/movimentacao-de-carga
Existe um portal online ou site oficial do Porto do Itaqui que fornece dados em tempo real sobre a movimentação de cargas?,Acompanhe a movimentação de cargas do Porto do Itaqui em: www.portodoitaqui.com/porto-do-itaqui/operacoes-portuarias/movimentacao-de-carga
Quais tipos de informações sobre a movimentação de cargas estão disponíveis para o público?,Acompanhe a movimentação de cargas do Porto do Itaqui em: www.portodoitaqui.com/porto-do-itaqui/operacoes-portuarias/movimentacao-de-carga
Há um sistema de rastreamento de cargas que permite aos interessados acompanhar o status de cargas específicas no Porto do Itaqui?,Acompanhe a movimentação de cargas do Porto do Itaqui em: www.portodoitaqui.com/porto-do-itaqui/operacoes-portuarias/movimentacao-de-carga
Quais são os relatórios ou estatísticas mais recentes sobre a movimentação de cargas no Porto do Itaqui?,Acompanhe a movimentação de cargas do Porto do Itaqui em: www.portodoitaqui.com/porto-do-itaqui/operacoes-portuarias/movimentacao-de-carga
Existem aplicativos móveis ou ferramentas digitais que facilitam o acompanhamento da movimentação de cargas no Porto do Itaqui?,Acompanhe a movimentação de cargas do Porto do Itaqui em: www.portodoitaqui.com/porto-do-itaqui/operacoes-portuarias/movimentacao-de-carga
Como posso acessar informações sobre a capacidade atual de armazenamento no Porto do Itaqui?,Acompanhe a movimentação de cargas do Porto do Itaqui em: www.portodoitaqui.com/porto-do-itaqui/operacoes-portuarias/movimentacao-de-carga
Quais são as fontes de informações mais confiáveis para acompanhar a movimentação de cargas no Porto do Itaqui?,Acompanhe a movimentação de cargas do Porto do Itaqui em: www.portodoitaqui.com/porto-do-itaqui/operacoes-portuarias/movimentacao-de-carga
É possível receber notificações ou atualizações automáticas sobre a movimentação de cargas no Porto do Itaqui?,Acompanhe a movimentação de cargas do Porto do Itaqui em: www.portodoitaqui.com/porto-do-itaqui/operacoes-portuarias/movimentacao-de-carga
Onde posso encontrar os contatos ou departamentos responsáveis por fornecer informações atualizadas sobre a movimentação de cargas no Porto do Itaqui?,Acompanhe a movimentação de cargas do Porto do Itaqui em: www.portodoitaqui.com/porto-do-itaqui/operacoes-portuarias/movimentacao-de-carga
Quais são as etapas para se candidatar a empregos no Porto do Itaqui?,"A EMAP possui um sistema eletrônico para cadastro de fornecedores, o Sigel – Sistema de Gerenciamento de Licitações, que permite o registro prévio e gratuito de qualquer pessoa natural ou jurídica que tenha interesse em participar de licitações da Empresa Maranhense de Administração Portuária (EMAP). Saiba aqui como funciona e como se cadastrar: https://www.portodoitaqui.ma.gov.br/emap/cadastro-de-fornecedores"
Existe um portal de recrutamento ou um site específico onde as vagas de emprego no Porto do Itaqui são anunciadas?,"A EMAP possui um sistema eletrônico para cadastro de fornecedores, o Sigel – Sistema de Gerenciamento de Licitações, que permite o registro prévio e gratuito de qualquer pessoa natural ou jurídica que tenha interesse em participar de licitações da Empresa Maranhense de Administração Portuária (EMAP). Saiba aqui como funciona e como se cadastrar: https://www.portodoitaqui.ma.gov.br/emap/cadastro-de-fornecedores"
Quais são os requisitos e qualificações necessárias para se candidatar a empregos no Porto do Itaqui?,"A EMAP possui um sistema eletrônico para cadastro de fornecedores, o Sigel – Sistema de Gerenciamento de Licitações, que permite o registro prévio e gratuito de qualquer pessoa natural ou jurídica que tenha interesse em participar de licitações da Empresa Maranhense de Administração Portuária (EMAP). Saiba aqui como funciona e como se cadastrar: https://www.portodoitaqui.ma.gov.br/emap/cadastro-de-fornecedores"
Há alguma informação sobre os benefícios e vantagens de trabalhar no Porto do Itaqui?,"A EMAP possui um sistema eletrônico para cadastro de fornecedores, o Sigel – Sistema de Gerenciamento de Licitações, que permite o registro prévio e gratuito de qualquer pessoa natural ou jurídica que tenha interesse em participar de licitações da Empresa Maranhense de Administração Portuária (EMAP). Saiba aqui como funciona e como se cadastrar: https://www.portodoitaqui.ma.gov.br/emap/cadastro-de-fornecedores"
Como é o processo de seleção e entrevista para empregos no Porto do Itaqui?,"A EMAP possui um sistema eletrônico para cadastro de fornecedores, o Sigel – Sistema de Gerenciamento de Licitações, que permite o registro prévio e gratuito de qualquer pessoa natural ou jurídica que tenha interesse em participar de licitações da Empresa Maranhense de Administração Portuária (EMAP). Saiba aqui como funciona e como se cadastrar: https://www.portodoitaqui.ma.gov.br/emap/cadastro-de-fornecedores"
Existem oportunidades de emprego específicas para pessoas com formação em determinadas áreas?,"A EMAP possui um sistema eletrônico para cadastro de fornecedores, o Sigel – Sistema de Gerenciamento de Licitações, que permite o registro prévio e gratuito de qualquer pessoa natural ou jurídica que tenha interesse em participar de licitações da Empresa Maranhense de Administração Portuária (EMAP). Saiba aqui como funciona e como se cadastrar: https://www.portodoitaqui.ma.gov.br/emap/cadastro-de-fornecedores"
O Porto do Itaqui oferece programas de treinamento ou desenvolvimento profissional para seus funcionários?,"A EMAP possui um sistema eletrônico para cadastro de fornecedores, o Sigel – Sistema de Gerenciamento de Licitações, que permite o registro prévio e gratuito de qualquer pessoa natural ou jurídica que tenha interesse em participar de licitações da Empresa Maranhense de Administração Portuária (EMAP). Saiba aqui como funciona e como se cadastrar: https://www.portodoitaqui.ma.gov.br/emap/cadastro-de-fornecedores"
Quais são as políticas de igualdade de oportunidades de emprego no Porto do Itaqui?,"A EMAP possui um sistema eletrônico para cadastro de fornecedores, o Sigel – Sistema de Gerenciamento de Licitações, que permite o registro prévio e gratuito de qualquer pessoa natural ou jurídica que tenha interesse em participar de licitações da Empresa Maranhense de Administração Portuária (EMAP). Saiba aqui como funciona e como se cadastrar: https://www.portodoitaqui.ma.gov.br/emap/cadastro-de-fornecedores"
O Porto do Itaqui oferece empregos temporários ou sazonais em determinados momentos do ano?,"A EMAP possui um sistema eletrônico para cadastro de fornecedores, o Sigel – Sistema de Gerenciamento de Licitações, que permite o registro prévio e gratuito de qualquer pessoa natural ou jurídica que tenha interesse em participar de licitações da Empresa Maranhense de Administração Portuária (EMAP). Saiba aqui como funciona e como se cadastrar: https://www.portodoitaqui.ma.gov.br/emap/cadastro-de-fornecedores"
Onde posso encontrar informações atualizadas sobre vagas de emprego no Porto do Itaqui?,"A EMAP possui um sistema eletrônico para cadastro de fornecedores, o Sigel – Sistema de Gerenciamento de Licitações, que permite o registro prévio e gratuito de qualquer pessoa natural ou jurídica que tenha interesse em participar de licitações da Empresa Maranhense de Administração Portuária (EMAP). Saiba aqui como funciona e como se cadastrar: https://www.portodoitaqui.ma.gov.br/emap/cadastro-de-fornecedores"
Onde posso encontrar informações sobre licitações e contratos atualmente em andamento na EMAP?,"Os editais de licitações e seus anexos estão disponíveis em http://www.portodoitaqui.com/transparencia/licitacoes ou podem ser obtidos direta e gratuitamente na Comissão Setorial de Licitação, sede da EMAP, mediante apresentação de dispositivo eletrônico de armazenagem de dados (CD-ROM, pen drive ou HD Externo)."
Existe um portal online ou site oficial da EMAP que lista todas as licitações em aberto?,"Os editais de licitações e seus anexos estão disponíveis em http://www.portodoitaqui.com/transparencia/licitacoes ou podem ser obtidos direta e gratuitamente na Comissão Setorial de Licitação, sede da EMAP, mediante apresentação de dispositivo eletrônico de armazenagem de dados (CD-ROM, pen drive ou HD Externo)."
Quais são os procedimentos para se cadastrar para receber notificações sobre licitações da EMAP?,"Os editais de licitações e seus anexos estão disponíveis em http://www.portodoitaqui.com/transparencia/licitacoes ou podem ser obtidos direta e gratuitamente na Comissão Setorial de Licitação, sede da EMAP, mediante apresentação de dispositivo eletrônico de armazenagem de dados (CD-ROM, pen drive ou HD Externo)."
Como posso acessar os documentos e especificações das licitações em andamento?,"Os editais de licitações e seus anexos estão disponíveis em http://www.portodoitaqui.com/transparencia/licitacoes ou podem ser obtidos direta e gratuitamente na Comissão Setorial de Licitação, sede da EMAP, mediante apresentação de dispositivo eletrônico de armazenagem de dados (CD-ROM, pen drive ou HD Externo)."
Qual é o processo para participar de uma licitação da EMAP como fornecedor?,"Os editais de licitações e seus anexos estão disponíveis em http://www.portodoitaqui.com/transparencia/licitacoes ou podem ser obtidos direta e gratuitamente na Comissão Setorial de Licitação, sede da EMAP, mediante apresentação de dispositivo eletrônico de armazenagem de dados (CD-ROM, pen drive ou HD Externo)."
Quais são os critérios de seleção usados pela EMAP para escolher fornecedores em licitações?,"Os editais de licitações e seus anexos estão disponíveis em http://www.portodoitaqui.com/transparencia/licitacoes ou podem ser obtidos direta e gratuitamente na Comissão Setorial de Licitação, sede da EMAP, mediante apresentação de dispositivo eletrônico de armazenagem de dados (CD-ROM, pen drive ou HD Externo)."
Onde posso encontrar informações sobre os contratos já firmados pela EMAP?,"Os editais de licitações e seus anexos estão disponíveis em http://www.portodoitaqui.com/transparencia/licitacoes ou podem ser obtidos direta e gratuitamente na Comissão Setorial de Licitação, sede da EMAP, mediante apresentação de dispositivo eletrônico de armazenagem de dados (CD-ROM, pen drive ou HD Externo)."
Qual é o procedimento para solicitar acesso a documentos relacionados a contratos da EMAP?,"Os editais de licitações e seus anexos estão disponíveis em http://www.portodoitaqui.com/transparencia/licitacoes ou podem ser obtidos direta e gratuitamente na Comissão Setorial de Licitação, sede da EMAP, mediante apresentação de dispositivo eletrônico de armazenagem de dados (CD-ROM, pen drive ou HD Externo)."
A EMAP oferece treinamento ou recursos para empresas interessadas em participar de licitações?,"Os editais de licitações e seus anexos estão disponíveis em http://www.portodoitaqui.com/transparencia/licitacoes ou podem ser obtidos direta e gratuitamente na Comissão Setorial de Licitação, sede da EMAP, mediante apresentação de dispositivo eletrônico de armazenagem de dados (CD-ROM, pen drive ou HD Externo)."
Como posso entrar em contato com o departamento responsável por licitações e contratos na EMAP?,"Os editais de licitações e seus anexos estão disponíveis em http://www.portodoitaqui.com/transparencia/licitacoes ou podem ser obtidos direta e gratuitamente na Comissão Setorial de Licitação, sede da EMAP, mediante apresentação de dispositivo eletrônico de armazenagem de dados (CD-ROM, pen drive ou HD Externo)."
Quais são os procedimentos para solicitar o arrendamento de uma área ou instalação portuária no Porto do Itaqui?,"O arrendamento de áreas e instalações portuárias operacionais (Terminais Portuários) e Não Operacionais (Restaurantes, Contêineres, Salas Comerciais, entre outras) ocorre mediante chamada pública regida pela Lei n° 8.666/1993, Lei n° 12.815/2013 e Resolução n° 2240/ANTAQ. Para acompanhar os procedimentos licitatórios voltados a áreas operacionais acesse www.portosdobrasil.gov.br e www.antaq.gov.br. Para áreas não operacionais, busque informação em www.portodoitaqui.ma.gov.br/porto-do-itaqui/valores-minimos-para-arrendamentos ou envie e-mail para a Gerência de Arrendamento e Contratos – GEACO (geaco@emap.ma.gov.br). Os editais das licitações de cessão de uso onerosa são divulgados no endereço: www.portodoitaqui.com/transparencia/licitacoes"
Existe um portal online ou site oficial do Porto do Itaqui onde posso encontrar informações sobre o processo de arrendamento?,"O arrendamento de áreas e instalações portuárias operacionais (Terminais Portuários) e Não Operacionais (Restaurantes, Contêineres, Salas Comerciais, entre outras) ocorre mediante chamada pública regida pela Lei n° 8.666/1993, Lei n° 12.815/2013 e Resolução n° 2240/ANTAQ. Para acompanhar os procedimentos licitatórios voltados a áreas operacionais acesse www.portosdobrasil.gov.br e www.antaq.gov.br. Para áreas não operacionais, busque informação em www.portodoitaqui.ma.gov.br/porto-do-itaqui/valores-minimos-para-arrendamentos ou envie e-mail para a Gerência de Arrendamento e Contratos – GEACO (geaco@emap.ma.gov.br). Os editais das licitações de cessão de uso onerosa são divulgados no endereço: www.portodoitaqui.com/transparencia/licitacoes"
Quais são os critérios e requisitos necessários para se qualificar para o arrendamento no Porto do Itaqui?,"O arrendamento de áreas e instalações portuárias operacionais (Terminais Portuários) e Não Operacionais (Restaurantes, Contêineres, Salas Comerciais, entre outras) ocorre mediante chamada pública regida pela Lei n° 8.666/1993, Lei n° 12.815/2013 e Resolução n° 2240/ANTAQ. Para acompanhar os procedimentos licitatórios voltados a áreas operacionais acesse www.portosdobrasil.gov.br e www.antaq.gov.br. Para áreas não operacionais, busque informação em www.portodoitaqui.ma.gov.br/porto-do-itaqui/valores-minimos-para-arrendamentos ou envie e-mail para a Gerência de Arrendamento e Contratos – GEACO (geaco@emap.ma.gov.br). Os editais das licitações de cessão de uso onerosa são divulgados no endereço: www.portodoitaqui.com/transparencia/licitacoes"
Como posso saber quais áreas ou instalações portuárias estão atualmente disponíveis para arrendamento?,"O arrendamento de áreas e instalações portuárias operacionais (Terminais Portuários) e Não Operacionais (Restaurantes, Contêineres, Salas Comerciais, entre outras) ocorre mediante chamada pública regida pela Lei n° 8.666/1993, Lei n° 12.815/2013 e Resolução n° 2240/ANTAQ. Para acompanhar os procedimentos licitatórios voltados a áreas operacionais acesse www.portosdobrasil.gov.br e www.antaq.gov.br. Para áreas não operacionais, busque informação em www.portodoitaqui.ma.gov.br/porto-do-itaqui/valores-minimos-para-arrendamentos ou envie e-mail para a Gerência de Arrendamento e Contratos – GEACO (geaco@emap.ma.gov.br). Os editais das licitações de cessão de uso onerosa são divulgados no endereço: www.portodoitaqui.com/transparencia/licitacoes"
Qual é o processo de avaliação e aprovação de solicitações de arrendamento no Porto do Itaqui?,"O arrendamento de áreas e instalações portuárias operacionais (Terminais Portuários) e Não Operacionais (Restaurantes, Contêineres, Salas Comerciais, entre outras) ocorre mediante chamada pública regida pela Lei n° 8.666/1993, Lei n° 12.815/2013 e Resolução n° 2240/ANTAQ. Para acompanhar os procedimentos licitatórios voltados a áreas operacionais acesse www.portosdobrasil.gov.br e www.antaq.gov.br. Para áreas não operacionais, busque informação em www.portodoitaqui.ma.gov.br/porto-do-itaqui/valores-minimos-para-arrendamentos ou envie e-mail para a Gerência de Arrendamento e Contratos – GEACO (geaco@emap.ma.gov.br). Os editais das licitações de cessão de uso onerosa são divulgados no endereço: www.portodoitaqui.com/transparencia/licitacoes"
Há taxas ou custos associados ao processo de arrendamento de áreas ou instalações portuárias?,"O arrendamento de áreas e instalações portuárias operacionais (Terminais Portuários) e Não Operacionais (Restaurantes, Contêineres, Salas Comerciais, entre outras) ocorre mediante chamada pública regida pela Lei n° 8.666/1993, Lei n° 12.815/2013 e Resolução n° 2240/ANTAQ. Para acompanhar os procedimentos licitatórios voltados a áreas operacionais acesse www.portosdobrasil.gov.br e www.antaq.gov.br. Para áreas não operacionais, busque informação em www.portodoitaqui.ma.gov.br/porto-do-itaqui/valores-minimos-para-arrendamentos ou envie e-mail para a Gerência de Arrendamento e Contratos – GEACO (geaco@emap.ma.gov.br). Os editais das licitações de cessão de uso onerosa são divulgados no endereço: www.portodoitaqui.com/transparencia/licitacoes"
Quais são as políticas de contratação e os termos típicos dos contratos de arrendamento no Porto do Itaqui?,"O arrendamento de áreas e instalações portuárias operacionais (Terminais Portuários) e Não Operacionais (Restaurantes, Contêineres, Salas Comerciais, entre outras) ocorre mediante chamada pública regida pela Lei n° 8.666/1993, Lei n° 12.815/2013 e Resolução n° 2240/ANTAQ. Para acompanhar os procedimentos licitatórios voltados a áreas operacionais acesse www.portosdobrasil.gov.br e www.antaq.gov.br. Para áreas não operacionais, busque informação em www.portodoitaqui.ma.gov.br/porto-do-itaqui/valores-minimos-para-arrendamentos ou envie e-mail para a Gerência de Arrendamento e Contratos – GEACO (geaco@emap.ma.gov.br). Os editais das licitações de cessão de uso onerosa são divulgados no endereço: www.portodoitaqui.com/transparencia/licitacoes"
Quais tipos de atividades ou negócios são permitidos nas áreas ou instalações arrendadas?,"O arrendamento de áreas e instalações portuárias operacionais (Terminais Portuários) e Não Operacionais (Restaurantes, Contêineres, Salas Comerciais, entre outras) ocorre mediante chamada pública regida pela Lei n° 8.666/1993, Lei n° 12.815/2013 e Resolução n° 2240/ANTAQ. Para acompanhar os procedimentos licitatórios voltados a áreas operacionais acesse www.portosdobrasil.gov.br e www.antaq.gov.br. Para áreas não operacionais, busque informação em www.portodoitaqui.ma.gov.br/porto-do-itaqui/valores-minimos-para-arrendamentos ou envie e-mail para a Gerência de Arrendamento e Contratos – GEACO (geaco@emap.ma.gov.br). Os editais das licitações de cessão de uso onerosa são divulgados no endereço: www.portodoitaqui.com/transparencia/licitacoes"
Como posso entrar em contato com o departamento responsável por arrendamentos no Porto do Itaqui?,"O arrendamento de áreas e instalações portuárias operacionais (Terminais Portuários) e Não Operacionais (Restaurantes, Contêineres, Salas Comerciais, entre outras) ocorre mediante chamada pública regida pela Lei n° 8.666/1993, Lei n° 12.815/2013 e Resolução n° 2240/ANTAQ. Para acompanhar os procedimentos licitatórios voltados a áreas operacionais acesse www.portosdobrasil.gov.br e www.antaq.gov.br. Para áreas não operacionais, busque informação em www.portodoitaqui.ma.gov.br/porto-do-itaqui/valores-minimos-para-arrendamentos ou envie e-mail para a Gerência de Arrendamento e Contratos – GEACO (geaco@emap.ma.gov.br). Os editais das licitações de cessão de uso onerosa são divulgados no endereço: www.portodoitaqui.com/transparencia/licitacoes"
Onde posso encontrar informações atualizadas sobre oportunidades de arrendamento no Porto do Itaqui?,"O arrendamento de áreas e instalações portuárias operacionais (Terminais Portuários) e Não Operacionais (Restaurantes, Contêineres, Salas Comerciais, entre outras) ocorre mediante chamada pública regida pela Lei n° 8.666/1993, Lei n° 12.815/2013 e Resolução n° 2240/ANTAQ. Para acompanhar os procedimentos licitatórios voltados a áreas operacionais acesse www.portosdobrasil.gov.br e www.antaq.gov.br. Para áreas não operacionais, busque informação em www.portodoitaqui.ma.gov.br/porto-do-itaqui/valores-minimos-para-arrendamentos ou envie e-mail para a Gerência de Arrendamento e Contratos – GEACO (geaco@emap.ma.gov.br). Os editais das licitações de cessão de uso onerosa são divulgados no endereço: www.portodoitaqui.com/transparencia/licitacoes"